id,variant_id,currency_code,amount
5000,1000,EUR,14.99
5001,1000,USD,16.65
5002,1000,CAD,22.49
5003,1000,AUD,24.95
5004,1000,GBP,12.89
5005,1000,JPY,2450
5006,1001,EUR,16.49
5007,1001,USD,17.89
5008,1001,CAD,24.84
5009,1001,AUD,26.65
5010,1001,GBP,13.65
5011,1001,JPY,2650
5012,1002,EUR,14.84
5013,1002,USD,16.32
5014,1002,CAD,21.49
5015,1002,AUD,24.49
5016,1002,GBP,12.65
5017,1002,JPY,2400
5018,1003,EUR,14.65
5019,1003,USD,15.89
5020,1003,CAD,21.89
5021,1003,AUD,23.49
5022,1003,GBP,12.89
5023,1003,JPY,2350
5024,1004,EUR,14.99
5025,1004,USD,16.32
5026,1004,CAD,22.89
5027,1004,AUD,24.74
5028,1004,GBP,12.95
5029,1004,JPY,2450
5030,1005,EUR,16.99
5031,1005,USD,18.49
5032,1005,CAD,24.84
5033,1005,AUD,27.32
5034,1005,GBP,14.99
5035,1005,JPY,2750
5036,1006,EUR,14.95
5037,1006,USD,16.95
5038,1006,CAD,21.84
5039,1006,AUD,24.89
5040,1006,GBP,12.99
5041,1006,JPY,2400
5042,1007,EUR,15.95
5043,1007,USD,17.65
5044,1007,CAD,23.65
5045,1007,AUD,25.32
5046,1007,GBP,13.65
5047,1007,JPY,2600
5048,1008,EUR,14.49
5049,1008,USD,15.99
5050,1008,CAD,21.99
5051,1008,AUD,23.95
5052,1008,GBP,12.49
5053,1008,JPY,2350
5054,1009,EUR,29.49
5055,1009,USD,32.74
5056,1009,CAD,43.65
5057,1009,AUD,48.32
5058,1009,GBP,24.65
5059,1009,JPY,4800
5060,1010,EUR,26.65
5061,1010,USD,29.95
5062,1010,CAD,39.99
5063,1010,AUD,43.89
5064,1010,GBP,22.65
5065,1010,JPY,4300
5066,1011,EUR,26.65
5067,1011,USD,29.49
5068,1011,CAD,39.89
5069,1011,AUD,43.95
5070,1011,GBP,22.65
5071,1011,JPY,4300
5072,1012,EUR,26.65
5073,1012,USD,29.89
5074,1012,CAD,39.65
5075,1012,AUD,43.32
5076,1012,GBP,22.95
5077,1012,JPY,4300
5078,1013,EUR,24.95
5079,1013,USD,27.74
5080,1013,CAD,36.99
5081,1013,AUD,40.84
5082,1013,GBP,20.99
5083,1013,JPY,4050
5084,1014,EUR,44.95
5085,1014,USD,48.99
5086,1014,CAD,66.89
5087,1014,AUD,73.95
5088,1014,GBP,37.65
5089,1014,JPY,7300
5090,1015,EUR,29.95
5091,1015,USD,32.84
5092,1015,CAD,44.89
5093,1015,AUD,48.84
5094,1015,GBP,25.74
5095,1015,JPY,4850
5096,1016,EUR,31.99
5097,1016,USD,34.32
5098,1016,CAD,47.95
5099,1016,AUD,52.89
5100,1016,GBP,26.99
5101,1016,JPY,5200
5102,1017,EUR,26.99
5103,1017,USD,29.49
5104,1017,CAD,39.89
5105,1017,AUD,43.49
5106,1017,GBP,22.99
5107,1017,JPY,4350
5108,1018,EUR,26.99
5109,1018,USD,29.32
5110,1018,CAD,39.95
5111,1018,AUD,43.65
5112,1018,GBP,22.89
5113,1018,JPY,4350
5114,1019,EUR,26.99
5115,1019,USD,29.99
5116,1019,CAD,39.89
5117,1019,AUD,43.74
5118,1019,GBP,22.32
5119,1019,JPY,4350
5120,1020,EUR,26.99
5121,1020,USD,29.74
5122,1020,CAD,39.84
5123,1020,AUD,43.95
5124,1020,GBP,22.84
5125,1020,JPY,4350
5126,1021,EUR,29.89
5127,1021,USD,32.89
5128,1021,CAD,43.95
5129,1021,AUD,48.32
5130,1021,GBP,25.32
5131,1021,JPY,4850
5132,1022,EUR,31.89
5133,1022,USD,34.99
5134,1022,CAD,46.89
5135,1022,AUD,51.84
5136,1022,GBP,26.74
5137,1022,JPY,5150
5138,1023,EUR,29.84
5139,1023,USD,32.65
5140,1023,CAD,43.49
5141,1023,AUD,48.65
5142,1023,GBP,25.84
5143,1023,JPY,4850
5144,1024,EUR,24.32
5145,1024,USD,26.84
5146,1024,CAD,35.32
5147,1024,AUD,39.65
5148,1024,GBP,20.32
5149,1024,JPY,3950
5150,1025,EUR,24.32
5151,1025,USD,26.32
5152,1025,CAD,35.74
5153,1025,AUD,39.95
5154,1025,GBP,20.49
5155,1025,JPY,3950
5156,1026,EUR,24.32
5157,1026,USD,26.65
5158,1026,CAD,35.95
5159,1026,AUD,39.99
5160,1026,GBP,20.65
5161,1026,JPY,3950
5162,1027,EUR,24.32
5163,1027,USD,26.95
5164,1027,CAD,35.32
5165,1027,AUD,39.84
5166,1027,GBP,20.74
5167,1027,JPY,3950
5168,1028,EUR,24.32
5169,1028,USD,26.49
5170,1028,CAD,35.95
5171,1028,AUD,39.84
5172,1028,GBP,20.65
5173,1028,JPY,3950
5174,1029,EUR,24.32
5175,1029,USD,26.95
5176,1029,CAD,35.89
5177,1029,AUD,39.84
5178,1029,GBP,20.99
5179,1029,JPY,3950
5180,1030,EUR,24.32
5181,1030,USD,26.84
5182,1030,CAD,35.49
5183,1030,AUD,39.99
5184,1030,GBP,20.74
5185,1030,JPY,3950
5186,1031,EUR,24.32
5187,1031,USD,26.49
5188,1031,CAD,35.65
5189,1031,AUD,39.99
5190,1031,GBP,20.95
5191,1031,JPY,3950
5192,1032,EUR,24.32
5193,1032,USD,26.89
5194,1032,CAD,35.49
5195,1032,AUD,39.89
5196,1032,GBP,20.65
5197,1032,JPY,3950
5198,1033,EUR,24.32
5199,1033,USD,26.65
5200,1033,CAD,35.74
5201,1033,AUD,39.65
5202,1033,GBP,20.84
5203,1033,JPY,3950
5204,1034,EUR,24.32
5205,1034,USD,26.84
5206,1034,CAD,35.74
5207,1034,AUD,39.84
5208,1034,GBP,20.95
5209,1034,JPY,3950
5210,1035,EUR,24.32
5211,1035,USD,26.32
5212,1035,CAD,35.89
5213,1035,AUD,39.89
5214,1035,GBP,20.95
5215,1035,JPY,3950
5216,1036,EUR,24.32
5217,1036,USD,26.32
5218,1036,CAD,35.99
5219,1036,AUD,39.74
5220,1036,GBP,20.74
5221,1036,JPY,3950
5222,1037,EUR,24.32
5223,1037,USD,26.65
5224,1037,CAD,35.89
5225,1037,AUD,39.89
5226,1037,GBP,20.65
5227,1037,JPY,3950
5228,1038,EUR,24.32
5229,1038,USD,26.99
5230,1038,CAD,35.49
5231,1038,AUD,39.89
5232,1038,GBP,20.89
5233,1038,JPY,3950
5234,1039,EUR,24.32
5235,1039,USD,26.49
5236,1039,CAD,35.65
5237,1039,AUD,39.49
5238,1039,GBP,20.89
5239,1039,JPY,3950
5240,1040,EUR,24.32
5241,1040,USD,26.65
5242,1040,CAD,35.49
5243,1040,AUD,39.99
5244,1040,GBP,20.65
5245,1040,JPY,3950
5246,1041,EUR,24.32
5247,1041,USD,26.89
5248,1041,CAD,35.95
5249,1041,AUD,39.74
5250,1041,GBP,20.89
5251,1041,JPY,3950
5252,1042,EUR,24.32
5253,1042,USD,26.84
5254,1042,CAD,35.74
5255,1042,AUD,39.89
5256,1042,GBP,20.74
5257,1042,JPY,3950
5258,1043,EUR,24.32
5259,1043,USD,26.32
5260,1043,CAD,35.89
5261,1043,AUD,39.65
5262,1043,GBP,20.65
5263,1043,JPY,3950
5264,1044,EUR,24.32
5265,1044,USD,26.32
5266,1044,CAD,35.99
5267,1044,AUD,39.32
5268,1044,GBP,20.32
5269,1044,JPY,3950
5270,1045,EUR,24.32
5271,1045,USD,26.74
5272,1045,CAD,35.49
5273,1045,AUD,39.65
5274,1045,GBP,20.49
5275,1045,JPY,3950
5276,1046,EUR,24.32
5277,1046,USD,26.32
5278,1046,CAD,35.99
5279,1046,AUD,39.65
5280,1046,GBP,20.89
5281,1046,JPY,3950
5282,1047,EUR,24.32
5283,1047,USD,26.89
5284,1047,CAD,35.89
5285,1047,AUD,39.74
5286,1047,GBP,20.84
5287,1047,JPY,3950
5288,1048,EUR,24.32
5289,1048,USD,26.32
5290,1048,CAD,35.84
5291,1048,AUD,39.95
5292,1048,GBP,20.74
5293,1048,JPY,3950
5294,1049,EUR,24.32
5295,1049,USD,26.89
5296,1049,CAD,35.65
5297,1049,AUD,39.74
5298,1049,GBP,20.65
5299,1049,JPY,3950
5300,1050,EUR,24.32
5301,1050,USD,26.49
5302,1050,CAD,35.49
5303,1050,AUD,39.65
5304,1050,GBP,20.89
5305,1050,JPY,3950
5306,1051,EUR,24.32
5307,1051,USD,26.84
5308,1051,CAD,35.32
5309,1051,AUD,39.74
5310,1051,GBP,20.74
5311,1051,JPY,3950
5312,1052,EUR,24.32
5313,1052,USD,26.89
5314,1052,CAD,35.32
5315,1052,AUD,39.49
5316,1052,GBP,20.84
5317,1052,JPY,3950
5318,1053,EUR,24.32
5319,1053,USD,26.32
5320,1053,CAD,35.49
5321,1053,AUD,39.32
5322,1053,GBP,20.95
5323,1053,JPY,3950
5324,1054,EUR,25.99
5325,1054,USD,28.74
5326,1054,CAD,38.95
5327,1054,AUD,42.32
5328,1054,GBP,21.74
5329,1054,JPY,4200
5330,1055,EUR,25.99
5331,1055,USD,28.84
5332,1055,CAD,38.89
5333,1055,AUD,42.95
5334,1055,GBP,21.89
5335,1055,JPY,4200
5336,1056,EUR,25.99
5337,1056,USD,28.49
5338,1056,CAD,38.49
5339,1056,AUD,42.99
5340,1056,GBP,21.49
5341,1056,JPY,4200
5342,1057,EUR,25.99
5343,1057,USD,28.49
5344,1057,CAD,38.74
5345,1057,AUD,42.84
5346,1057,GBP,21.49
5347,1057,JPY,4200
5348,1058,EUR,25.99
5349,1058,USD,28.65
5350,1058,CAD,38.84
5351,1058,AUD,42.65
5352,1058,GBP,21.65
5353,1058,JPY,4200
5354,1059,EUR,25.99
5355,1059,USD,28.89
5356,1059,CAD,38.32
5357,1059,AUD,42.65
5358,1059,GBP,21.89
5359,1059,JPY,4200
5360,1060,EUR,25.99
5361,1060,USD,28.49
5362,1060,CAD,38.65
5363,1060,AUD,42.32
5364,1060,GBP,21.99
5365,1060,JPY,4200
5366,1061,EUR,25.99
5367,1061,USD,28.95
5368,1061,CAD,38.89
5369,1061,AUD,42.99
5370,1061,GBP,21.89
5371,1061,JPY,4200
5372,1062,EUR,25.99
5373,1062,USD,28.95
5374,1062,CAD,38.32
5375,1062,AUD,42.84
5376,1062,GBP,21.95
5377,1062,JPY,4200
5378,1063,EUR,25.99
5379,1063,USD,28.74
5380,1063,CAD,38.99
5381,1063,AUD,42.65
5382,1063,GBP,21.49
5383,1063,JPY,4200
5384,1064,EUR,25.84
5385,1064,USD,28.74
5386,1064,CAD,37.65
5387,1064,AUD,42.65
5388,1064,GBP,21.89
5389,1064,JPY,4200
5390,1065,EUR,25.84
5391,1065,USD,28.95
5392,1065,CAD,37.84
5393,1065,AUD,42.99
5394,1065,GBP,21.65
5395,1065,JPY,4200
5396,1066,EUR,25.84
5397,1066,USD,28.89
5398,1066,CAD,37.99
5399,1066,AUD,42.95
5400,1066,GBP,21.84
5401,1066,JPY,4200
5402,1067,EUR,25.84
5403,1067,USD,28.74
5404,1067,CAD,37.95
5405,1067,AUD,42.49
5406,1067,GBP,21.95
5407,1067,JPY,4200
5408,1068,EUR,25.84
5409,1068,USD,28.65
5410,1068,CAD,37.84
5411,1068,AUD,42.95
5412,1068,GBP,21.65
5413,1068,JPY,4200
5414,1069,EUR,25.84
5415,1069,USD,28.65
5416,1069,CAD,37.84
5417,1069,AUD,42.95
5418,1069,GBP,21.95
5419,1069,JPY,4200
5420,1070,EUR,25.84
5421,1070,USD,28.89
5422,1070,CAD,37.99
5423,1070,AUD,42.89
5424,1070,GBP,21.95
5425,1070,JPY,4200
5426,1071,EUR,25.84
5427,1071,USD,28.74
5428,1071,CAD,37.95
5429,1071,AUD,42.49
5430,1071,GBP,21.65
5431,1071,JPY,4200
5432,1072,EUR,25.84
5433,1072,USD,28.32
5434,1072,CAD,37.95
5435,1072,AUD,42.49
5436,1072,GBP,21.49
5437,1072,JPY,4200
5438,1073,EUR,25.84
5439,1073,USD,28.99
5440,1073,CAD,37.84
5441,1073,AUD,42.95
5442,1073,GBP,21.84
5443,1073,JPY,4200
5444,1074,EUR,25.84
5445,1074,USD,28.74
5446,1074,CAD,37.32
5447,1074,AUD,42.49
5448,1074,GBP,21.65
5449,1074,JPY,4200
5450,1075,EUR,25.84
5451,1075,USD,28.65
5452,1075,CAD,37.84
5453,1075,AUD,42.49
5454,1075,GBP,21.99
5455,1075,JPY,4200
5456,1076,EUR,25.84
5457,1076,USD,28.84
5458,1076,CAD,37.32
5459,1076,AUD,42.84
5460,1076,GBP,21.49
5461,1076,JPY,4200
5462,1077,EUR,25.84
5463,1077,USD,28.95
5464,1077,CAD,37.99
5465,1077,AUD,42.49
5466,1077,GBP,21.99
5467,1077,JPY,4200
5468,1078,EUR,25.84
5469,1078,USD,28.89
5470,1078,CAD,37.89
5471,1078,AUD,42.65
5472,1078,GBP,21.99
5473,1078,JPY,4200
5474,1079,EUR,25.84
5475,1079,USD,28.32
5476,1079,CAD,37.84
5477,1079,AUD,42.89
5478,1079,GBP,21.84
5479,1079,JPY,4200
5480,1080,EUR,25.84
5481,1080,USD,28.84
5482,1080,CAD,37.32
5483,1080,AUD,42.49
5484,1080,GBP,21.84
5485,1080,JPY,4200
5486,1081,EUR,25.84
5487,1081,USD,28.99
5488,1081,CAD,37.32
5489,1081,AUD,42.89
5490,1081,GBP,21.95
5491,1081,JPY,4200
5492,1082,EUR,25.84
5493,1082,USD,28.84
5494,1082,CAD,37.65
5495,1082,AUD,42.32
5496,1082,GBP,21.49
5497,1082,JPY,4200
5498,1083,EUR,25.84
5499,1083,USD,28.74
5500,1083,CAD,37.89
5501,1083,AUD,42.89
5502,1083,GBP,21.74
5503,1083,JPY,4200
5504,1084,EUR,25.84
5505,1084,USD,28.99
5506,1084,CAD,37.95
5507,1084,AUD,42.89
5508,1084,GBP,21.89
5509,1084,JPY,4200
5510,1085,EUR,25.84
5511,1085,USD,28.49
5512,1085,CAD,37.89
5513,1085,AUD,42.32
5514,1085,GBP,21.99
5515,1085,JPY,4200
5516,1086,EUR,25.84
5517,1086,USD,28.95
5518,1086,CAD,37.65
5519,1086,AUD,42.95
5520,1086,GBP,21.99
5521,1086,JPY,4200
5522,1087,EUR,25.84
5523,1087,USD,28.32
5524,1087,CAD,37.99
5525,1087,AUD,42.49
5526,1087,GBP,21.65
5527,1087,JPY,4200
5528,1088,EUR,25.84
5529,1088,USD,28.95
5530,1088,CAD,37.84
5531,1088,AUD,42.95
5532,1088,GBP,21.49
5533,1088,JPY,4200
5534,1089,EUR,25.84
5535,1089,USD,28.65
5536,1089,CAD,37.32
5537,1089,AUD,42.99
5538,1089,GBP,21.99
5539,1089,JPY,4200
5540,1090,EUR,25.84
5541,1090,USD,28.32
5542,1090,CAD,37.65
5543,1090,AUD,42.32
5544,1090,GBP,21.89
5545,1090,JPY,4200
5546,1091,EUR,25.84
5547,1091,USD,28.95
5548,1091,CAD,37.49
5549,1091,AUD,42.32
5550,1091,GBP,21.49
5551,1091,JPY,4200
5552,1092,EUR,25.84
5553,1092,USD,28.89
5554,1092,CAD,37.99
5555,1092,AUD,42.32
5556,1092,GBP,21.65
5557,1092,JPY,4200
5558,1093,EUR,25.84
5559,1093,USD,28.99
5560,1093,CAD,37.99
5561,1093,AUD,42.65
5562,1093,GBP,21.95
5563,1093,JPY,4200
5564,1094,EUR,24.65
5565,1094,USD,26.95
5566,1094,CAD,36.32
5567,1094,AUD,40.99
5568,1094,GBP,20.32
5569,1094,JPY,4000
5570,1095,EUR,24.65
5571,1095,USD,26.95
5572,1095,CAD,36.84
5573,1095,AUD,40.89
5574,1095,GBP,20.32
5575,1095,JPY,4000
5576,1096,EUR,24.65
5577,1096,USD,26.32
5578,1096,CAD,36.84
5579,1096,AUD,40.95
5580,1096,GBP,20.32
5581,1096,JPY,4000
5582,1097,EUR,24.65
5583,1097,USD,26.49
5584,1097,CAD,36.95
5585,1097,AUD,40.95
5586,1097,GBP,20.89
5587,1097,JPY,4000
5588,1098,EUR,24.65
5589,1098,USD,26.32
5590,1098,CAD,36.99
5591,1098,AUD,40.74
5592,1098,GBP,20.74
5593,1098,JPY,4000
5594,1099,EUR,24.65
5595,1099,USD,26.74
5596,1099,CAD,36.89
5597,1099,AUD,40.74
5598,1099,GBP,20.84
5599,1099,JPY,4000
5600,1100,EUR,24.65
5601,1100,USD,26.65
5602,1100,CAD,36.95
5603,1100,AUD,40.99
5604,1100,GBP,20.65
5605,1100,JPY,4000
5606,1101,EUR,24.65
5607,1101,USD,26.89
5608,1101,CAD,36.95
5609,1101,AUD,40.89
5610,1101,GBP,20.89
5611,1101,JPY,4000
5612,1102,EUR,24.65
5613,1102,USD,26.84
5614,1102,CAD,36.49
5615,1102,AUD,40.49
5616,1102,GBP,20.89
5617,1102,JPY,4000
5618,1103,EUR,24.65
5619,1103,USD,26.74
5620,1103,CAD,36.65
5621,1103,AUD,40.74
5622,1103,GBP,20.32
5623,1103,JPY,4000
5624,1104,EUR,25.32
5625,1104,USD,27.89
5626,1104,CAD,37.32
5627,1104,AUD,41.74
5628,1104,GBP,21.32
5629,1104,JPY,4100
5630,1105,EUR,25.32
5631,1105,USD,27.89
5632,1105,CAD,37.84
5633,1105,AUD,41.49
5634,1105,GBP,21.65
5635,1105,JPY,4100
5636,1106,EUR,25.32
5637,1106,USD,27.32
5638,1106,CAD,37.89
5639,1106,AUD,41.84
5640,1106,GBP,21.74
5641,1106,JPY,4100
5642,1107,EUR,25.32
5643,1107,USD,27.49
5644,1107,CAD,37.89
5645,1107,AUD,41.65
5646,1107,GBP,21.74
5647,1107,JPY,4100
5648,1108,EUR,25.32
5649,1108,USD,27.84
5650,1108,CAD,37.74
5651,1108,AUD,41.99
5652,1108,GBP,21.74
5653,1108,JPY,4100
5654,1109,EUR,25.32
5655,1109,USD,27.32
5656,1109,CAD,37.74
5657,1109,AUD,41.84
5658,1109,GBP,21.74
5659,1109,JPY,4100
5660,1110,EUR,25.32
5661,1110,USD,27.74
5662,1110,CAD,37.95
5663,1110,AUD,41.89
5664,1110,GBP,21.95
5665,1110,JPY,4100
5666,1111,EUR,25.32
5667,1111,USD,27.74
5668,1111,CAD,37.89
5669,1111,AUD,41.95
5670,1111,GBP,21.74
5671,1111,JPY,4100
5672,1112,EUR,25.32
5673,1112,USD,27.65
5674,1112,CAD,37.95
5675,1112,AUD,41.89
5676,1112,GBP,21.95
5677,1112,JPY,4100
5678,1113,EUR,25.32
5679,1113,USD,27.99
5680,1113,CAD,37.99
5681,1113,AUD,41.65
5682,1113,GBP,21.84
5683,1113,JPY,4100
5684,1114,EUR,25.32
5685,1114,USD,27.84
5686,1114,CAD,37.89
5687,1114,AUD,41.32
5688,1114,GBP,21.84
5689,1114,JPY,4100
5690,1115,EUR,25.32
5691,1115,USD,27.89
5692,1115,CAD,37.65
5693,1115,AUD,41.32
5694,1115,GBP,21.32
5695,1115,JPY,4100
5696,1116,EUR,25.32
5697,1116,USD,27.99
5698,1116,CAD,37.74
5699,1116,AUD,41.32
5700,1116,GBP,21.49
5701,1116,JPY,4100
5702,1117,EUR,25.32
5703,1117,USD,27.89
5704,1117,CAD,37.32
5705,1117,AUD,41.32
5706,1117,GBP,21.49
5707,1117,JPY,4100
5708,1118,EUR,25.32
5709,1118,USD,27.32
5710,1118,CAD,37.74
5711,1118,AUD,41.49
5712,1118,GBP,21.99
5713,1118,JPY,4100
5714,1119,EUR,25.32
5715,1119,USD,27.95
5716,1119,CAD,37.32
5717,1119,AUD,41.32
5718,1119,GBP,21.89
5719,1119,JPY,4100
5720,1120,EUR,25.32
5721,1120,USD,27.74
5722,1120,CAD,37.89
5723,1120,AUD,41.95
5724,1120,GBP,21.32
5725,1120,JPY,4100
5726,1121,EUR,25.32
5727,1121,USD,27.74
5728,1121,CAD,37.49
5729,1121,AUD,41.32
5730,1121,GBP,21.99
5731,1121,JPY,4100
5732,1122,EUR,25.32
5733,1122,USD,27.32
5734,1122,CAD,37.84
5735,1122,AUD,41.74
5736,1122,GBP,21.84
5737,1122,JPY,4100
5738,1123,EUR,25.32
5739,1123,USD,27.49
5740,1123,CAD,37.32
5741,1123,AUD,41.49
5742,1123,GBP,21.65
5743,1123,JPY,4100
5744,1124,EUR,25.32
5745,1124,USD,27.32
5746,1124,CAD,37.84
5747,1124,AUD,41.74
5748,1124,GBP,21.84
5749,1124,JPY,4100
5750,1125,EUR,25.32
5751,1125,USD,27.49
5752,1125,CAD,37.95
5753,1125,AUD,41.32
5754,1125,GBP,21.99
5755,1125,JPY,4100
5756,1126,EUR,25.32
5757,1126,USD,27.89
5758,1126,CAD,37.74
5759,1126,AUD,41.99
5760,1126,GBP,21.99
5761,1126,JPY,4100
5762,1127,EUR,25.32
5763,1127,USD,27.32
5764,1127,CAD,37.95
5765,1127,AUD,41.32
5766,1127,GBP,21.95
5767,1127,JPY,4100
5768,1128,EUR,25.32
5769,1128,USD,27.65
5770,1128,CAD,37.74
5771,1128,AUD,41.49
5772,1128,GBP,21.49
5773,1128,JPY,4100
5774,1129,EUR,25.32
5775,1129,USD,27.99
5776,1129,CAD,37.89
5777,1129,AUD,41.65
5778,1129,GBP,21.49
5779,1129,JPY,4100
5780,1130,EUR,25.32
5781,1130,USD,27.49
5782,1130,CAD,37.89
5783,1130,AUD,41.89
5784,1130,GBP,21.49
5785,1130,JPY,4100
5786,1131,EUR,25.32
5787,1131,USD,27.84
5788,1131,CAD,37.89
5789,1131,AUD,41.84
5790,1131,GBP,21.74
5791,1131,JPY,4100
5792,1132,EUR,25.32
5793,1132,USD,27.65
5794,1132,CAD,37.89
5795,1132,AUD,41.74
5796,1132,GBP,21.95
5797,1132,JPY,4100
5798,1133,EUR,25.32
5799,1133,USD,27.99
5800,1133,CAD,37.84
5801,1133,AUD,41.65
5802,1133,GBP,21.84
5803,1133,JPY,4100
5804,1134,EUR,24.49
5805,1134,USD,26.95
5806,1134,CAD,36.65
5807,1134,AUD,39.49
5808,1134,GBP,20.95
5809,1134,JPY,3950
5810,1135,EUR,24.49
5811,1135,USD,26.32
5812,1135,CAD,36.32
5813,1135,AUD,39.89
5814,1135,GBP,20.65
5815,1135,JPY,3950
5816,1136,EUR,24.49
5817,1136,USD,26.89
5818,1136,CAD,36.65
5819,1136,AUD,39.95
5820,1136,GBP,20.65
5821,1136,JPY,3950
5822,1137,EUR,24.49
5823,1137,USD,26.49
5824,1137,CAD,36.99
5825,1137,AUD,39.32
5826,1137,GBP,20.99
5827,1137,JPY,3950
5828,1138,EUR,24.49
5829,1138,USD,26.65
5830,1138,CAD,36.99
5831,1138,AUD,39.49
5832,1138,GBP,20.32
5833,1138,JPY,3950
5834,1139,EUR,24.49
5835,1139,USD,26.74
5836,1139,CAD,36.65
5837,1139,AUD,39.32
5838,1139,GBP,20.99
5839,1139,JPY,3950
5840,1140,EUR,24.49
5841,1140,USD,26.74
5842,1140,CAD,36.84
5843,1140,AUD,39.32
5844,1140,GBP,20.84
5845,1140,JPY,3950
5846,1141,EUR,24.49
5847,1141,USD,26.95
5848,1141,CAD,36.74
5849,1141,AUD,39.74
5850,1141,GBP,20.32
5851,1141,JPY,3950
5852,1142,EUR,24.49
5853,1142,USD,26.95
5854,1142,CAD,36.99
5855,1142,AUD,39.89
5856,1142,GBP,20.65
5857,1142,JPY,3950
5858,1143,EUR,24.49
5859,1143,USD,26.95
5860,1143,CAD,36.74
5861,1143,AUD,39.89
5862,1143,GBP,20.74
5863,1143,JPY,3950
5864,1144,EUR,24.49
5865,1144,USD,26.32
5866,1144,CAD,36.99
5867,1144,AUD,39.49
5868,1144,GBP,20.74
5869,1144,JPY,3950
5870,1145,EUR,24.49
5871,1145,USD,26.99
5872,1145,CAD,36.84
5873,1145,AUD,39.74
5874,1145,GBP,20.89
5875,1145,JPY,3950
5876,1146,EUR,24.49
5877,1146,USD,26.99
5878,1146,CAD,36.95
5879,1146,AUD,39.99
5880,1146,GBP,20.95
5881,1146,JPY,3950
5882,1147,EUR,24.49
5883,1147,USD,26.95
5884,1147,CAD,36.49
5885,1147,AUD,39.89
5886,1147,GBP,20.65
5887,1147,JPY,3950
5888,1148,EUR,24.49
5889,1148,USD,26.89
5890,1148,CAD,36.32
5891,1148,AUD,39.74
5892,1148,GBP,20.89
5893,1148,JPY,3950
5894,1149,EUR,24.49
5895,1149,USD,26.74
5896,1149,CAD,36.74
5897,1149,AUD,39.74
5898,1149,GBP,20.49
5899,1149,JPY,3950
5900,1150,EUR,24.49
5901,1150,USD,26.65
5902,1150,CAD,36.95
5903,1150,AUD,39.89
5904,1150,GBP,20.32
5905,1150,JPY,3950
5906,1151,EUR,24.49
5907,1151,USD,26.89
5908,1151,CAD,36.95
5909,1151,AUD,39.99
5910,1151,GBP,20.74
5911,1151,JPY,3950
5912,1152,EUR,24.49
5913,1152,USD,26.99
5914,1152,CAD,36.32
5915,1152,AUD,39.99
5916,1152,GBP,20.99
5917,1152,JPY,3950
5918,1153,EUR,24.49
5919,1153,USD,26.74
5920,1153,CAD,36.95
5921,1153,AUD,39.95
5922,1153,GBP,20.95
5923,1153,JPY,3950
5924,1154,EUR,24.89
5925,1154,USD,27.89
5926,1154,CAD,36.65
5927,1154,AUD,40.89
5928,1154,GBP,20.99
5929,1154,JPY,4050
5930,1155,EUR,24.89
5931,1155,USD,27.65
5932,1155,CAD,36.84
5933,1155,AUD,40.89
5934,1155,GBP,20.89
5935,1155,JPY,4050
5936,1156,EUR,24.89
5937,1156,USD,27.74
5938,1156,CAD,36.95
5939,1156,AUD,40.95
5940,1156,GBP,20.65
5941,1156,JPY,4050
5942,1157,EUR,24.89
5943,1157,USD,27.89
5944,1157,CAD,36.95
5945,1157,AUD,40.89
5946,1157,GBP,20.99
5947,1157,JPY,4050
5948,1158,EUR,24.89
5949,1158,USD,27.84
5950,1158,CAD,36.95
5951,1158,AUD,40.49
5952,1158,GBP,20.84
5953,1158,JPY,4050
5954,1159,EUR,24.89
5955,1159,USD,27.95
5956,1159,CAD,36.49
5957,1159,AUD,40.49
5958,1159,GBP,20.95
5959,1159,JPY,4050
5960,1160,EUR,24.89
5961,1160,USD,27.84
5962,1160,CAD,36.74
5963,1160,AUD,40.65
5964,1160,GBP,20.49
5965,1160,JPY,4050
5966,1161,EUR,24.89
5967,1161,USD,27.95
5968,1161,CAD,36.74
5969,1161,AUD,40.74
5970,1161,GBP,20.74
5971,1161,JPY,4050
5972,1162,EUR,24.89
5973,1162,USD,27.99
5974,1162,CAD,36.84
5975,1162,AUD,40.49
5976,1162,GBP,20.95
5977,1162,JPY,4050
5978,1163,EUR,24.89
5979,1163,USD,27.74
5980,1163,CAD,36.65
5981,1163,AUD,40.65
5982,1163,GBP,20.32
5983,1163,JPY,4050
5984,1164,EUR,25.84
5985,1164,USD,28.74
5986,1164,CAD,37.65
5987,1164,AUD,42.49
5988,1164,GBP,21.84
5989,1164,JPY,4200
5990,1165,EUR,25.84
5991,1165,USD,28.84
5992,1165,CAD,37.95
5993,1165,AUD,42.65
5994,1165,GBP,21.89
5995,1165,JPY,4200
5996,1166,EUR,25.84
5997,1166,USD,28.65
5998,1166,CAD,37.32
5999,1166,AUD,42.89
6000,1166,GBP,21.32
6001,1166,JPY,4200
6002,1167,EUR,25.84
6003,1167,USD,28.74
6004,1167,CAD,37.74
6005,1167,AUD,42.95
6006,1167,GBP,21.32
6007,1167,JPY,4200
6008,1168,EUR,25.84
6009,1168,USD,28.95
6010,1168,CAD,37.49
6011,1168,AUD,42.65
6012,1168,GBP,21.89
6013,1168,JPY,4200
6014,1169,EUR,25.84
6015,1169,USD,28.89
6016,1169,CAD,37.95
6017,1169,AUD,42.65
6018,1169,GBP,21.84
6019,1169,JPY,4200
6020,1170,EUR,25.84
6021,1170,USD,28.89
6022,1170,CAD,37.84
6023,1170,AUD,42.65
6024,1170,GBP,21.84
6025,1170,JPY,4200
6026,1171,EUR,25.84
6027,1171,USD,28.49
6028,1171,CAD,37.32
6029,1171,AUD,42.74
6030,1171,GBP,21.74
6031,1171,JPY,4200
6032,1172,EUR,25.84
6033,1172,USD,28.95
6034,1172,CAD,37.49
6035,1172,AUD,42.89
6036,1172,GBP,21.95
6037,1172,JPY,4200
6038,1173,EUR,25.84
6039,1173,USD,28.95
6040,1173,CAD,37.74
6041,1173,AUD,42.65
6042,1173,GBP,21.89
6043,1173,JPY,4200
6044,1174,EUR,25.84
6045,1174,USD,28.95
6046,1174,CAD,37.89
6047,1174,AUD,42.32
6048,1174,GBP,21.65
6049,1174,JPY,4200
6050,1175,EUR,25.84
6051,1175,USD,28.89
6052,1175,CAD,37.84
6053,1175,AUD,42.95
6054,1175,GBP,21.84
6055,1175,JPY,4200
6056,1176,EUR,25.84
6057,1176,USD,28.65
6058,1176,CAD,37.49
6059,1176,AUD,42.84
6060,1176,GBP,21.95
6061,1176,JPY,4200
6062,1177,EUR,25.84
6063,1177,USD,28.95
6064,1177,CAD,37.74
6065,1177,AUD,42.65
6066,1177,GBP,21.74
6067,1177,JPY,4200
6068,1178,EUR,25.84
6069,1178,USD,28.95
6070,1178,CAD,37.32
6071,1178,AUD,42.95
6072,1178,GBP,21.74
6073,1178,JPY,4200
6074,1179,EUR,25.84
6075,1179,USD,28.74
6076,1179,CAD,37.65
6077,1179,AUD,42.49
6078,1179,GBP,21.32
6079,1179,JPY,4200
6080,1180,EUR,25.84
6081,1180,USD,28.99
6082,1180,CAD,37.95
6083,1180,AUD,42.49
6084,1180,GBP,21.65
6085,1180,JPY,4200
6086,1181,EUR,25.84
6087,1181,USD,28.89
6088,1181,CAD,37.49
6089,1181,AUD,42.95
6090,1181,GBP,21.49
6091,1181,JPY,4200
6092,1182,EUR,25.84
6093,1182,USD,28.84
6094,1182,CAD,37.74
6095,1182,AUD,42.74
6096,1182,GBP,21.95
6097,1182,JPY,4200
6098,1183,EUR,25.84
6099,1183,USD,28.84
6100,1183,CAD,37.32
6101,1183,AUD,42.74
6102,1183,GBP,21.65
6103,1183,JPY,4200
6104,1184,EUR,25.84
6105,1184,USD,28.74
6106,1184,CAD,37.99
6107,1184,AUD,42.32
6108,1184,GBP,21.99
6109,1184,JPY,4200
6110,1185,EUR,25.84
6111,1185,USD,28.99
6112,1185,CAD,37.65
6113,1185,AUD,42.84
6114,1185,GBP,21.99
6115,1185,JPY,4200
6116,1186,EUR,25.84
6117,1186,USD,28.32
6118,1186,CAD,37.74
6119,1186,AUD,42.95
6120,1186,GBP,21.32
6121,1186,JPY,4200
6122,1187,EUR,25.84
6123,1187,USD,28.49
6124,1187,CAD,37.74
6125,1187,AUD,42.65
6126,1187,GBP,21.99
6127,1187,JPY,4200
6128,1188,EUR,25.84
6129,1188,USD,28.95
6130,1188,CAD,37.99
6131,1188,AUD,42.65
6132,1188,GBP,21.32
6133,1188,JPY,4200
6134,1189,EUR,25.84
6135,1189,USD,28.49
6136,1189,CAD,37.74
6137,1189,AUD,42.32
6138,1189,GBP,21.49
6139,1189,JPY,4200
6140,1190,EUR,25.84
6141,1190,USD,28.89
6142,1190,CAD,37.99
6143,1190,AUD,42.74
6144,1190,GBP,21.74
6145,1190,JPY,4200
6146,1191,EUR,25.84
6147,1191,USD,28.49
6148,1191,CAD,37.89
6149,1191,AUD,42.95
6150,1191,GBP,21.84
6151,1191,JPY,4200
6152,1192,EUR,25.84
6153,1192,USD,28.95
6154,1192,CAD,37.74
6155,1192,AUD,42.74
6156,1192,GBP,21.65
6157,1192,JPY,4200
6158,1193,EUR,25.84
6159,1193,USD,28.49
6160,1193,CAD,37.89
6161,1193,AUD,42.84
6162,1193,GBP,21.95
6163,1193,JPY,4200
6164,1194,EUR,25.95
6165,1194,USD,28.49
6166,1194,CAD,38.32
6167,1194,AUD,42.65
6168,1194,GBP,21.89
6169,1194,JPY,4200
6170,1195,EUR,25.95
6171,1195,USD,28.65
6172,1195,CAD,38.74
6173,1195,AUD,42.65
6174,1195,GBP,21.84
6175,1195,JPY,4200
6176,1196,EUR,25.95
6177,1196,USD,28.74
6178,1196,CAD,38.95
6179,1196,AUD,42.95
6180,1196,GBP,21.32
6181,1196,JPY,4200
6182,1197,EUR,25.95
6183,1197,USD,28.74
6184,1197,CAD,38.74
6185,1197,AUD,42.89
6186,1197,GBP,21.74
6187,1197,JPY,4200
6188,1198,EUR,25.95
6189,1198,USD,28.84
6190,1198,CAD,38.32
6191,1198,AUD,42.89
6192,1198,GBP,21.84
6193,1198,JPY,4200
6194,1199,EUR,25.95
6195,1199,USD,28.65
6196,1199,CAD,38.95
6197,1199,AUD,42.32
6198,1199,GBP,21.99
6199,1199,JPY,4200
6200,1200,EUR,25.95
6201,1200,USD,28.95
6202,1200,CAD,38.49
6203,1200,AUD,42.95
6204,1200,GBP,21.95
6205,1200,JPY,4200
6206,1201,EUR,25.95
6207,1201,USD,28.74
6208,1201,CAD,38.84
6209,1201,AUD,42.74
6210,1201,GBP,21.74
6211,1201,JPY,4200
6212,1202,EUR,25.95
6213,1202,USD,28.99
6214,1202,CAD,38.99
6215,1202,AUD,42.32
6216,1202,GBP,21.74
6217,1202,JPY,4200
6218,1203,EUR,25.95
6219,1203,USD,28.99
6220,1203,CAD,38.89
6221,1203,AUD,42.89
6222,1203,GBP,21.32
6223,1203,JPY,4200
6224,1204,EUR,24.32
6225,1204,USD,26.89
6226,1204,CAD,35.32
6227,1204,AUD,39.49
6228,1204,GBP,20.99
6229,1204,JPY,3950
6230,1205,EUR,24.32
6231,1205,USD,26.74
6232,1205,CAD,35.32
6233,1205,AUD,39.32
6234,1205,GBP,20.84
6235,1205,JPY,3950
6236,1206,EUR,24.32
6237,1206,USD,26.49
6238,1206,CAD,35.74
6239,1206,AUD,39.84
6240,1206,GBP,20.32
6241,1206,JPY,3950
6242,1207,EUR,24.32
6243,1207,USD,26.89
6244,1207,CAD,35.95
6245,1207,AUD,39.99
6246,1207,GBP,20.84
6247,1207,JPY,3950
6248,1208,EUR,24.32
6249,1208,USD,26.49
6250,1208,CAD,35.32
6251,1208,AUD,39.32
6252,1208,GBP,20.49
6253,1208,JPY,3950
6254,1209,EUR,24.32
6255,1209,USD,26.95
6256,1209,CAD,35.89
6257,1209,AUD,39.49
6258,1209,GBP,20.49
6259,1209,JPY,3950
6260,1210,EUR,24.32
6261,1210,USD,26.95
6262,1210,CAD,35.65
6263,1210,AUD,39.74
6264,1210,GBP,20.32
6265,1210,JPY,3950
6266,1211,EUR,24.32
6267,1211,USD,26.65
6268,1211,CAD,35.74
6269,1211,AUD,39.74
6270,1211,GBP,20.84
6271,1211,JPY,3950
6272,1212,EUR,24.32
6273,1212,USD,26.99
6274,1212,CAD,35.89
6275,1212,AUD,39.32
6276,1212,GBP,20.74
6277,1212,JPY,3950
6278,1213,EUR,24.32
6279,1213,USD,26.99
6280,1213,CAD,35.89
6281,1213,AUD,39.49
6282,1213,GBP,20.74
6283,1213,JPY,3950
6284,1214,EUR,25.99
6285,1214,USD,28.84
6286,1214,CAD,38.99
6287,1214,AUD,42.65
6288,1214,GBP,21.74
6289,1214,JPY,4200
6290,1215,EUR,25.99
6291,1215,USD,28.99
6292,1215,CAD,38.99
6293,1215,AUD,42.95
6294,1215,GBP,21.99
6295,1215,JPY,4200
6296,1216,EUR,25.99
6297,1216,USD,28.95
6298,1216,CAD,38.74
6299,1216,AUD,42.84
6300,1216,GBP,21.49
6301,1216,JPY,4200
6302,1217,EUR,25.99
6303,1217,USD,28.74
6304,1217,CAD,38.65
6305,1217,AUD,42.65
6306,1217,GBP,21.49
6307,1217,JPY,4200
6308,1218,EUR,25.99
6309,1218,USD,28.49
6310,1218,CAD,38.32
6311,1218,AUD,42.99
6312,1218,GBP,21.49
6313,1218,JPY,4200
6314,1219,EUR,25.99
6315,1219,USD,28.99
6316,1219,CAD,38.95
6317,1219,AUD,42.99
6318,1219,GBP,21.89
6319,1219,JPY,4200
6320,1220,EUR,25.99
6321,1220,USD,28.95
6322,1220,CAD,38.65
6323,1220,AUD,42.95
6324,1220,GBP,21.89
6325,1220,JPY,4200
6326,1221,EUR,25.99
6327,1221,USD,28.95
6328,1221,CAD,38.89
6329,1221,AUD,42.74
6330,1221,GBP,21.49
6331,1221,JPY,4200
6332,1222,EUR,25.99
6333,1222,USD,28.99
6334,1222,CAD,38.99
6335,1222,AUD,42.89
6336,1222,GBP,21.84
6337,1222,JPY,4200
6338,1223,EUR,25.99
6339,1223,USD,28.95
6340,1223,CAD,38.89
6341,1223,AUD,42.99
6342,1223,GBP,21.84
6343,1223,JPY,4200
6344,1224,EUR,24.95
6345,1224,USD,27.65
6346,1224,CAD,36.84
6347,1224,AUD,40.74
6348,1224,GBP,20.49
6349,1224,JPY,4050
6350,1225,EUR,24.95
6351,1225,USD,27.49
6352,1225,CAD,36.84
6353,1225,AUD,40.89
6354,1225,GBP,20.32
6355,1225,JPY,4050
6356,1226,EUR,24.95
6357,1226,USD,27.49
6358,1226,CAD,36.74
6359,1226,AUD,40.74
6360,1226,GBP,20.95
6361,1226,JPY,4050
6362,1227,EUR,24.95
6363,1227,USD,27.32
6364,1227,CAD,36.65
6365,1227,AUD,40.65
6366,1227,GBP,20.89
6367,1227,JPY,4050
6368,1228,EUR,24.95
6369,1228,USD,27.84
6370,1228,CAD,36.49
6371,1228,AUD,40.89
6372,1228,GBP,20.95
6373,1228,JPY,4050
6374,1229,EUR,24.95
6375,1229,USD,27.84
6376,1229,CAD,36.95
6377,1229,AUD,40.65
6378,1229,GBP,20.84
6379,1229,JPY,4050
6380,1230,EUR,24.95
6381,1230,USD,27.32
6382,1230,CAD,36.74
6383,1230,AUD,40.74
6384,1230,GBP,20.49
6385,1230,JPY,4050
6386,1231,EUR,24.95
6387,1231,USD,27.84
6388,1231,CAD,36.89
6389,1231,AUD,40.49
6390,1231,GBP,20.74
6391,1231,JPY,4050
6392,1232,EUR,24.95
6393,1232,USD,27.99
6394,1232,CAD,36.32
6395,1232,AUD,40.89
6396,1232,GBP,20.32
6397,1232,JPY,4050
6398,1233,EUR,24.95
6399,1233,USD,27.65
6400,1233,CAD,36.89
6401,1233,AUD,40.95
6402,1233,GBP,20.95
6403,1233,JPY,4050
6404,1234,EUR,49.89
6405,1234,USD,54.74
6406,1234,CAD,73.84
6407,1234,AUD,81.74
6408,1234,GBP,41.65
6409,1234,JPY,8100
6410,1235,EUR,49.89
6411,1235,USD,54.32
6412,1235,CAD,73.95
6413,1235,AUD,81.65
6414,1235,GBP,41.74
6415,1235,JPY,8100
6416,1236,EUR,49.89
6417,1236,USD,54.65
6418,1236,CAD,73.89
6419,1236,AUD,81.49
6420,1236,GBP,41.32
6421,1236,JPY,8100
6422,1237,EUR,49.89
6423,1237,USD,54.95
6424,1237,CAD,73.89
6425,1237,AUD,81.74
6426,1237,GBP,41.49
6427,1237,JPY,8100
6428,1238,EUR,49.89
6429,1238,USD,54.32
6430,1238,CAD,73.49
6431,1238,AUD,81.84
6432,1238,GBP,41.49
6433,1238,JPY,8100
6434,1239,EUR,49.89
6435,1239,USD,54.65
6436,1239,CAD,73.49
6437,1239,AUD,81.89
6438,1239,GBP,41.95
6439,1239,JPY,8100
6440,1240,EUR,49.89
6441,1240,USD,54.89
6442,1240,CAD,73.74
6443,1240,AUD,81.99
6444,1240,GBP,41.65
6445,1240,JPY,8100
6446,1241,EUR,49.89
6447,1241,USD,54.95
6448,1241,CAD,73.49
6449,1241,AUD,81.65
6450,1241,GBP,41.65
6451,1241,JPY,8100
6452,1242,EUR,49.89
6453,1242,USD,54.65
6454,1242,CAD,73.89
6455,1242,AUD,81.32
6456,1242,GBP,41.84
6457,1242,JPY,8100
6458,1243,EUR,49.89
6459,1243,USD,54.32
6460,1243,CAD,73.99
6461,1243,AUD,81.99
6462,1243,GBP,41.99
6463,1243,JPY,8100
6464,1244,EUR,50.95
6465,1244,USD,55.84
6466,1244,CAD,74.89
6467,1244,AUD,83.99
6468,1244,GBP,42.99
6469,1244,JPY,8250
6470,1245,EUR,50.95
6471,1245,USD,55.89
6472,1245,CAD,74.84
6473,1245,AUD,83.32
6474,1245,GBP,42.95
6475,1245,JPY,8250
6476,1246,EUR,50.95
6477,1246,USD,55.65
6478,1246,CAD,74.95
6479,1246,AUD,83.65
6480,1246,GBP,42.99
6481,1246,JPY,8250
6482,1247,EUR,50.95
6483,1247,USD,55.95
6484,1247,CAD,74.99
6485,1247,AUD,83.32
6486,1247,GBP,42.84
6487,1247,JPY,8250
6488,1248,EUR,50.95
6489,1248,USD,55.84
6490,1248,CAD,74.32
6491,1248,AUD,83.65
6492,1248,GBP,42.49
6493,1248,JPY,8250
6494,1249,EUR,50.95
6495,1249,USD,55.84
6496,1249,CAD,74.49
6497,1249,AUD,83.74
6498,1249,GBP,42.74
6499,1249,JPY,8250
6500,1250,EUR,50.95
6501,1250,USD,55.84
6502,1250,CAD,74.89
6503,1250,AUD,83.99
6504,1250,GBP,42.89
6505,1250,JPY,8250
6506,1251,EUR,50.95
6507,1251,USD,55.99
6508,1251,CAD,74.74
6509,1251,AUD,83.95
6510,1251,GBP,42.95
6511,1251,JPY,8250
6512,1252,EUR,50.95
6513,1252,USD,55.49
6514,1252,CAD,74.65
6515,1252,AUD,83.99
6516,1252,GBP,42.49
6517,1252,JPY,8250
6518,1253,EUR,50.95
6519,1253,USD,55.95
6520,1253,CAD,74.84
6521,1253,AUD,83.32
6522,1253,GBP,42.49
6523,1253,JPY,8250
6524,1254,EUR,51.32
6525,1254,USD,55.65
6526,1254,CAD,75.95
6527,1254,AUD,83.99
6528,1254,GBP,43.32
6529,1254,JPY,8300
6530,1255,EUR,51.32
6531,1255,USD,55.99
6532,1255,CAD,75.32
6533,1255,AUD,83.89
6534,1255,GBP,43.65
6535,1255,JPY,8300
6536,1256,EUR,51.32
6537,1256,USD,55.32
6538,1256,CAD,75.99
6539,1256,AUD,83.95
6540,1256,GBP,43.74
6541,1256,JPY,8300
6542,1257,EUR,51.32
6543,1257,USD,55.74
6544,1257,CAD,75.89
6545,1257,AUD,83.65
6546,1257,GBP,43.89
6547,1257,JPY,8300
6548,1258,EUR,51.32
6549,1258,USD,55.84
6550,1258,CAD,75.65
6551,1258,AUD,83.84
6552,1258,GBP,43.65
6553,1258,JPY,8300
6554,1259,EUR,51.32
6555,1259,USD,55.89
6556,1259,CAD,75.74
6557,1259,AUD,83.65
6558,1259,GBP,43.84
6559,1259,JPY,8300
6560,1260,EUR,51.32
6561,1260,USD,55.84
6562,1260,CAD,75.49
6563,1260,AUD,83.32
6564,1260,GBP,43.74
6565,1260,JPY,8300
6566,1261,EUR,51.32
6567,1261,USD,55.32
6568,1261,CAD,75.95
6569,1261,AUD,83.95
6570,1261,GBP,43.99
6571,1261,JPY,8300
6572,1262,EUR,51.32
6573,1262,USD,55.49
6574,1262,CAD,75.49
6575,1262,AUD,83.74
6576,1262,GBP,43.84
6577,1262,JPY,8300
6578,1263,EUR,51.32
6579,1263,USD,55.65
6580,1263,CAD,75.84
6581,1263,AUD,83.95
6582,1263,GBP,43.32
6583,1263,JPY,8300
6584,1264,EUR,50.95
6585,1264,USD,55.49
6586,1264,CAD,74.84
6587,1264,AUD,83.95
6588,1264,GBP,42.65
6589,1264,JPY,8250
6590,1265,EUR,50.95
6591,1265,USD,55.84
6592,1265,CAD,74.32
6593,1265,AUD,83.95
6594,1265,GBP,42.65
6595,1265,JPY,8250
6596,1266,EUR,50.95
6597,1266,USD,55.84
6598,1266,CAD,74.49
6599,1266,AUD,83.84
6600,1266,GBP,42.65
6601,1266,JPY,8250
6602,1267,EUR,50.95
6603,1267,USD,55.49
6604,1267,CAD,74.99
6605,1267,AUD,83.89
6606,1267,GBP,42.49
6607,1267,JPY,8250
6608,1268,EUR,50.95
6609,1268,USD,55.32
6610,1268,CAD,74.32
6611,1268,AUD,83.65
6612,1268,GBP,42.99
6613,1268,JPY,8250
6614,1269,EUR,50.95
6615,1269,USD,55.49
6616,1269,CAD,74.65
6617,1269,AUD,83.84
6618,1269,GBP,42.49
6619,1269,JPY,8250
6620,1270,EUR,50.95
6621,1270,USD,55.49
6622,1270,CAD,74.32
6623,1270,AUD,83.95
6624,1270,GBP,42.84
6625,1270,JPY,8250
6626,1271,EUR,50.95
6627,1271,USD,55.99
6628,1271,CAD,74.49
6629,1271,AUD,83.89
6630,1271,GBP,42.89
6631,1271,JPY,8250
6632,1272,EUR,50.95
6633,1272,USD,55.99
6634,1272,CAD,74.49
6635,1272,AUD,83.65
6636,1272,GBP,42.65
6637,1272,JPY,8250
6638,1273,EUR,50.95
6639,1273,USD,55.84
6640,1273,CAD,74.89
6641,1273,AUD,83.32
6642,1273,GBP,42.99
6643,1273,JPY,8250
6644,1274,EUR,49.95
6645,1274,USD,54.99
6646,1274,CAD,73.49
6647,1274,AUD,81.65
6648,1274,GBP,41.95
6649,1274,JPY,8100
6650,1275,EUR,49.95
6651,1275,USD,54.89
6652,1275,CAD,73.32
6653,1275,AUD,81.84
6654,1275,GBP,41.84
6655,1275,JPY,8100
6656,1276,EUR,49.95
6657,1276,USD,54.89
6658,1276,CAD,73.32
6659,1276,AUD,81.49
6660,1276,GBP,41.84
6661,1276,JPY,8100
6662,1277,EUR,49.95
6663,1277,USD,54.65
6664,1277,CAD,73.89
6665,1277,AUD,81.84
6666,1277,GBP,41.65
6667,1277,JPY,8100
6668,1278,EUR,49.95
6669,1278,USD,54.74
6670,1278,CAD,73.95
6671,1278,AUD,81.32
6672,1278,GBP,41.99
6673,1278,JPY,8100
6674,1279,EUR,49.95
6675,1279,USD,54.32
6676,1279,CAD,73.89
6677,1279,AUD,81.49
6678,1279,GBP,41.95
6679,1279,JPY,8100
6680,1280,EUR,49.95
6681,1280,USD,54.65
6682,1280,CAD,73.95
6683,1280,AUD,81.99
6684,1280,GBP,41.32
6685,1280,JPY,8100
6686,1281,EUR,49.95
6687,1281,USD,54.49
6688,1281,CAD,73.32
6689,1281,AUD,81.99
6690,1281,GBP,41.95
6691,1281,JPY,8100
6692,1282,EUR,49.95
6693,1282,USD,54.65
6694,1282,CAD,73.74
6695,1282,AUD,81.32
6696,1282,GBP,41.95
6697,1282,JPY,8100
6698,1283,EUR,49.95
6699,1283,USD,54.49
6700,1283,CAD,73.84
6701,1283,AUD,81.89
6702,1283,GBP,41.95
6703,1283,JPY,8100
6704,1284,EUR,49.99
6705,1284,USD,54.89
6706,1284,CAD,73.84
6707,1284,AUD,81.95
6708,1284,GBP,41.74
6709,1284,JPY,8100
6710,1285,EUR,49.99
6711,1285,USD,54.32
6712,1285,CAD,73.32
6713,1285,AUD,81.95
6714,1285,GBP,41.49
6715,1285,JPY,8100
6716,1286,EUR,49.99
6717,1286,USD,54.65
6718,1286,CAD,73.99
6719,1286,AUD,81.89
6720,1286,GBP,41.65
6721,1286,JPY,8100
6722,1287,EUR,49.99
6723,1287,USD,54.74
6724,1287,CAD,73.74
6725,1287,AUD,81.65
6726,1287,GBP,41.95
6727,1287,JPY,8100
6728,1288,EUR,49.99
6729,1288,USD,54.49
6730,1288,CAD,73.74
6731,1288,AUD,81.95
6732,1288,GBP,41.49
6733,1288,JPY,8100
6734,1289,EUR,49.99
6735,1289,USD,54.95
6736,1289,CAD,73.84
6737,1289,AUD,81.65
6738,1289,GBP,41.49
6739,1289,JPY,8100
6740,1290,EUR,49.99
6741,1290,USD,54.84
6742,1290,CAD,73.74
6743,1290,AUD,81.74
6744,1290,GBP,41.99
6745,1290,JPY,8100
6746,1291,EUR,49.99
6747,1291,USD,54.95
6748,1291,CAD,73.95
6749,1291,AUD,81.89
6750,1291,GBP,41.95
6751,1291,JPY,8100
6752,1292,EUR,49.99
6753,1292,USD,54.95
6754,1292,CAD,73.74
6755,1292,AUD,81.84
6756,1292,GBP,41.99
6757,1292,JPY,8100
6758,1293,EUR,49.99
6759,1293,USD,54.99
6760,1293,CAD,73.32
6761,1293,AUD,81.74
6762,1293,GBP,41.95
6763,1293,JPY,8100
6764,1294,EUR,51.49
6765,1294,USD,56.74
6766,1294,CAD,75.99
6767,1294,AUD,83.84
6768,1294,GBP,43.32
6769,1294,JPY,8350
6770,1295,EUR,51.49
6771,1295,USD,56.49
6772,1295,CAD,75.95
6773,1295,AUD,83.49
6774,1295,GBP,43.65
6775,1295,JPY,8350
6776,1296,EUR,51.49
6777,1296,USD,56.95
6778,1296,CAD,75.49
6779,1296,AUD,83.95
6780,1296,GBP,43.49
6781,1296,JPY,8350
6782,1297,EUR,51.49
6783,1297,USD,56.49
6784,1297,CAD,75.89
6785,1297,AUD,83.65
6786,1297,GBP,43.74
6787,1297,JPY,8350
6788,1298,EUR,51.49
6789,1298,USD,56.95
6790,1298,CAD,75.84
6791,1298,AUD,83.95
6792,1298,GBP,43.49
6793,1298,JPY,8350
6794,1299,EUR,51.49
6795,1299,USD,56.65
6796,1299,CAD,75.95
6797,1299,AUD,83.89
6798,1299,GBP,43.49
6799,1299,JPY,8350
6800,1300,EUR,51.49
6801,1300,USD,56.65
6802,1300,CAD,75.65
6803,1300,AUD,83.95
6804,1300,GBP,43.99
6805,1300,JPY,8350
6806,1301,EUR,51.49
6807,1301,USD,56.32
6808,1301,CAD,75.84
6809,1301,AUD,83.65
6810,1301,GBP,43.84
6811,1301,JPY,8350
6812,1302,EUR,51.49
6813,1302,USD,56.49
6814,1302,CAD,75.84
6815,1302,AUD,83.74
6816,1302,GBP,43.65
6817,1302,JPY,8350
6818,1303,EUR,51.49
6819,1303,USD,56.84
6820,1303,CAD,75.49
6821,1303,AUD,83.74
6822,1303,GBP,43.99
6823,1303,JPY,8350
6824,1304,EUR,50.65
6825,1304,USD,55.95
6826,1304,CAD,74.65
6827,1304,AUD,82.95
6828,1304,GBP,42.99
6829,1304,JPY,8200
6830,1305,EUR,50.65
6831,1305,USD,55.65
6832,1305,CAD,74.84
6833,1305,AUD,82.49
6834,1305,GBP,42.65
6835,1305,JPY,8200
6836,1306,EUR,50.65
6837,1306,USD,55.74
6838,1306,CAD,74.99
6839,1306,AUD,82.49
6840,1306,GBP,42.49
6841,1306,JPY,8200
6842,1307,EUR,50.65
6843,1307,USD,55.65
6844,1307,CAD,74.32
6845,1307,AUD,82.65
6846,1307,GBP,42.49
6847,1307,JPY,8200
6848,1308,EUR,50.65
6849,1308,USD,55.95
6850,1308,CAD,74.89
6851,1308,AUD,82.95
6852,1308,GBP,42.49
6853,1308,JPY,8200
6854,1309,EUR,50.65
6855,1309,USD,55.95
6856,1309,CAD,74.84
6857,1309,AUD,82.49
6858,1309,GBP,42.49
6859,1309,JPY,8200
6860,1310,EUR,50.65
6861,1310,USD,55.95
6862,1310,CAD,74.89
6863,1310,AUD,82.99
6864,1310,GBP,42.95
6865,1310,JPY,8200
6866,1311,EUR,50.65
6867,1311,USD,55.84
6868,1311,CAD,74.32
6869,1311,AUD,82.32
6870,1311,GBP,42.99
6871,1311,JPY,8200
6872,1312,EUR,50.65
6873,1312,USD,55.74
6874,1312,CAD,74.84
6875,1312,AUD,82.65
6876,1312,GBP,42.49
6877,1312,JPY,8200
6878,1313,EUR,50.65
6879,1313,USD,55.95
6880,1313,CAD,74.89
6881,1313,AUD,82.74
6882,1313,GBP,42.84
6883,1313,JPY,8200
6884,1314,EUR,44.49
6885,1314,USD,48.95
6886,1314,CAD,65.65
6887,1314,AUD,72.84
6888,1314,GBP,37.49
6889,1314,JPY,7200
6890,1315,EUR,44.49
6891,1315,USD,48.65
6892,1315,CAD,65.84
6893,1315,AUD,72.95
6894,1315,GBP,37.84
6895,1315,JPY,7200
6896,1316,EUR,44.49
6897,1316,USD,48.84
6898,1316,CAD,65.95
6899,1316,AUD,72.74
6900,1316,GBP,37.84
6901,1316,JPY,7200
6902,1317,EUR,44.49
6903,1317,USD,48.95
6904,1317,CAD,65.65
6905,1317,AUD,72.89
6906,1317,GBP,37.49
6907,1317,JPY,7200
6908,1318,EUR,44.49
6909,1318,USD,48.49
6910,1318,CAD,65.49
6911,1318,AUD,72.49
6912,1318,GBP,37.95
6913,1318,JPY,7200
6914,1319,EUR,44.49
6915,1319,USD,48.65
6916,1319,CAD,65.49
6917,1319,AUD,72.49
6918,1319,GBP,37.89
6919,1319,JPY,7200
6920,1320,EUR,44.49
6921,1320,USD,48.74
6922,1320,CAD,65.65
6923,1320,AUD,72.49
6924,1320,GBP,37.74
6925,1320,JPY,7200
6926,1321,EUR,44.49
6927,1321,USD,48.65
6928,1321,CAD,65.49
6929,1321,AUD,72.84
6930,1321,GBP,37.49
6931,1321,JPY,7200
6932,1322,EUR,44.49
6933,1322,USD,48.74
6934,1322,CAD,65.65
6935,1322,AUD,72.32
6936,1322,GBP,37.65
6937,1322,JPY,7200
6938,1323,EUR,44.49
6939,1323,USD,48.49
6940,1323,CAD,65.95
6941,1323,AUD,72.49
6942,1323,GBP,37.49
6943,1323,JPY,7200
6944,1324,EUR,44.49
6945,1324,USD,48.65
6946,1324,CAD,65.99
6947,1324,AUD,72.89
6948,1324,GBP,37.65
6949,1324,JPY,7200
6950,1325,EUR,44.49
6951,1325,USD,48.74
6952,1325,CAD,65.95
6953,1325,AUD,72.49
6954,1325,GBP,37.65
6955,1325,JPY,7200
6956,1326,EUR,44.49
6957,1326,USD,48.49
6958,1326,CAD,65.65
6959,1326,AUD,72.32
6960,1326,GBP,37.95
6961,1326,JPY,7200
6962,1327,EUR,44.49
6963,1327,USD,48.74
6964,1327,CAD,65.84
6965,1327,AUD,72.32
6966,1327,GBP,37.65
6967,1327,JPY,7200
6968,1328,EUR,44.49
6969,1328,USD,48.95
6970,1328,CAD,65.99
6971,1328,AUD,72.95
6972,1328,GBP,37.89
6973,1328,JPY,7200
6974,1329,EUR,44.49
6975,1329,USD,48.74
6976,1329,CAD,65.65
6977,1329,AUD,72.95
6978,1329,GBP,37.89
6979,1329,JPY,7200
6980,1330,EUR,44.49
6981,1330,USD,48.84
6982,1330,CAD,65.95
6983,1330,AUD,72.32
6984,1330,GBP,37.89
6985,1330,JPY,7200
6986,1331,EUR,44.49
6987,1331,USD,48.74
6988,1331,CAD,65.49
6989,1331,AUD,72.65
6990,1331,GBP,37.99
6991,1331,JPY,7200
6992,1332,EUR,44.49
6993,1332,USD,48.89
6994,1332,CAD,65.65
6995,1332,AUD,72.49
6996,1332,GBP,37.74
6997,1332,JPY,7200
6998,1333,EUR,44.49
6999,1333,USD,48.89
7000,1333,CAD,65.84
7001,1333,AUD,72.84
7002,1333,GBP,37.89
7003,1333,JPY,7200
7004,1334,EUR,59.32
7005,1334,USD,64.84
7006,1334,CAD,87.49
7007,1334,AUD,96.99
7008,1334,GBP,49.99
7009,1334,JPY,9600
7010,1335,EUR,59.32
7011,1335,USD,64.95
7012,1335,CAD,87.89
7013,1335,AUD,96.65
7014,1335,GBP,49.89
7015,1335,JPY,9600
7016,1336,EUR,59.32
7017,1336,USD,64.89
7018,1336,CAD,87.95
7019,1336,AUD,96.84
7020,1336,GBP,49.84
7021,1336,JPY,9600
7022,1337,EUR,59.32
7023,1337,USD,64.99
7024,1337,CAD,87.65
7025,1337,AUD,96.32
7026,1337,GBP,49.89
7027,1337,JPY,9600
7028,1338,EUR,59.32
7029,1338,USD,64.65
7030,1338,CAD,87.49
7031,1338,AUD,96.99
7032,1338,GBP,49.89
7033,1338,JPY,9600
7034,1339,EUR,59.32
7035,1339,USD,64.84
7036,1339,CAD,87.65
7037,1339,AUD,96.95
7038,1339,GBP,49.65
7039,1339,JPY,9600
7040,1340,EUR,59.32
7041,1340,USD,64.32
7042,1340,CAD,87.65
7043,1340,AUD,96.84
7044,1340,GBP,49.65
7045,1340,JPY,9600
7046,1341,EUR,59.32
7047,1341,USD,64.74
7048,1341,CAD,87.65
7049,1341,AUD,96.99
7050,1341,GBP,49.95
7051,1341,JPY,9600
7052,1342,EUR,59.32
7053,1342,USD,64.74
7054,1342,CAD,87.89
7055,1342,AUD,96.89
7056,1342,GBP,49.89
7057,1342,JPY,9600
7058,1343,EUR,59.32
7059,1343,USD,64.74
7060,1343,CAD,87.65
7061,1343,AUD,96.74
7062,1343,GBP,49.65
7063,1343,JPY,9600
7064,1344,EUR,45.89
7065,1344,USD,50.84
7066,1344,CAD,67.65
7067,1344,AUD,74.89
7068,1344,GBP,38.99
7069,1344,JPY,7450
7070,1345,EUR,45.89
7071,1345,USD,50.95
7072,1345,CAD,67.95
7073,1345,AUD,74.95
7074,1345,GBP,38.84
7075,1345,JPY,7450
7076,1346,EUR,45.89
7077,1346,USD,50.95
7078,1346,CAD,67.89
7079,1346,AUD,74.99
7080,1346,GBP,38.49
7081,1346,JPY,7450
7082,1347,EUR,45.89
7083,1347,USD,50.84
7084,1347,CAD,67.32
7085,1347,AUD,74.99
7086,1347,GBP,38.32
7087,1347,JPY,7450
7088,1348,EUR,45.89
7089,1348,USD,50.65
7090,1348,CAD,67.65
7091,1348,AUD,74.49
7092,1348,GBP,38.49
7093,1348,JPY,7450
7094,1349,EUR,45.89
7095,1349,USD,50.32
7096,1349,CAD,67.89
7097,1349,AUD,74.65
7098,1349,GBP,38.89
7099,1349,JPY,7450
7100,1350,EUR,45.89
7101,1350,USD,50.95
7102,1350,CAD,67.95
7103,1350,AUD,74.49
7104,1350,GBP,38.65
7105,1350,JPY,7450
7106,1351,EUR,45.89
7107,1351,USD,50.95
7108,1351,CAD,67.49
7109,1351,AUD,74.84
7110,1351,GBP,38.49
7111,1351,JPY,7450
7112,1352,EUR,45.89
7113,1352,USD,50.89
7114,1352,CAD,67.84
7115,1352,AUD,74.89
7116,1352,GBP,38.95
7117,1352,JPY,7450
7118,1353,EUR,45.89
7119,1353,USD,50.65
7120,1353,CAD,67.89
7121,1353,AUD,74.99
7122,1353,GBP,38.99
7123,1353,JPY,7450
7124,1354,EUR,61.89
7125,1354,USD,67.95
7126,1354,CAD,90.84
7127,1354,AUD,100.32
7128,1354,GBP,51.49
7129,1354,JPY,10050
7130,1355,EUR,61.89
7131,1355,USD,67.99
7132,1355,CAD,90.49
7133,1355,AUD,100.89
7134,1355,GBP,51.99
7135,1355,JPY,10050
7136,1356,EUR,61.89
7137,1356,USD,67.32
7138,1356,CAD,90.32
7139,1356,AUD,100.95
7140,1356,GBP,51.74
7141,1356,JPY,10050
7142,1357,EUR,61.89
7143,1357,USD,67.49
7144,1357,CAD,90.65
7145,1357,AUD,100.89
7146,1357,GBP,51.95
7147,1357,JPY,10050
7148,1358,EUR,61.89
7149,1358,USD,67.74
7150,1358,CAD,90.89
7151,1358,AUD,100.74
7152,1358,GBP,51.32
7153,1358,JPY,10050
7154,1359,EUR,61.89
7155,1359,USD,67.99
7156,1359,CAD,90.84
7157,1359,AUD,100.74
7158,1359,GBP,51.84
7159,1359,JPY,10050
7160,1360,EUR,61.89
7161,1360,USD,67.95
7162,1360,CAD,90.99
7163,1360,AUD,100.99
7164,1360,GBP,51.95
7165,1360,JPY,10050
7166,1361,EUR,61.89
7167,1361,USD,67.89
7168,1361,CAD,90.99
7169,1361,AUD,100.65
7170,1361,GBP,51.32
7171,1361,JPY,10050
7172,1362,EUR,61.89
7173,1362,USD,67.49
7174,1362,CAD,90.99
7175,1362,AUD,100.89
7176,1362,GBP,51.89
7177,1362,JPY,10050
7178,1363,EUR,61.89
7179,1363,USD,67.89
7180,1363,CAD,90.84
7181,1363,AUD,100.99
7182,1363,GBP,51.84
7183,1363,JPY,10050
7184,1364,EUR,45.32
7185,1364,USD,49.49
7186,1364,CAD,66.49
7187,1364,AUD,73.99
7188,1364,GBP,38.99
7189,1364,JPY,7350
7190,1365,EUR,45.32
7191,1365,USD,49.99
7192,1365,CAD,66.99
7193,1365,AUD,73.84
7194,1365,GBP,38.65
7195,1365,JPY,7350
7196,1366,EUR,45.32
7197,1366,USD,49.32
7198,1366,CAD,66.84
7199,1366,AUD,73.89
7200,1366,GBP,38.74
7201,1366,JPY,7350
7202,1367,EUR,45.32
7203,1367,USD,49.49
7204,1367,CAD,66.95
7205,1367,AUD,73.65
7206,1367,GBP,38.49
7207,1367,JPY,7350
7208,1368,EUR,45.32
7209,1368,USD,49.65
7210,1368,CAD,66.65
7211,1368,AUD,73.74
7212,1368,GBP,38.65
7213,1368,JPY,7350
7214,1369,EUR,45.32
7215,1369,USD,49.49
7216,1369,CAD,66.99
7217,1369,AUD,73.65
7218,1369,GBP,38.95
7219,1369,JPY,7350
7220,1370,EUR,45.32
7221,1370,USD,49.49
7222,1370,CAD,66.95
7223,1370,AUD,73.95
7224,1370,GBP,38.95
7225,1370,JPY,7350
7226,1371,EUR,45.32
7227,1371,USD,49.89
7228,1371,CAD,66.95
7229,1371,AUD,73.65
7230,1371,GBP,38.89
7231,1371,JPY,7350
7232,1372,EUR,45.32
7233,1372,USD,49.89
7234,1372,CAD,66.65
7235,1372,AUD,73.84
7236,1372,GBP,38.49
7237,1372,JPY,7350
7238,1373,EUR,45.32
7239,1373,USD,49.84
7240,1373,CAD,66.65
7241,1373,AUD,73.65
7242,1373,GBP,38.95
7243,1373,JPY,7350
7244,1374,EUR,45.65
7245,1374,USD,49.84
7246,1374,CAD,67.49
7247,1374,AUD,74.95
7248,1374,GBP,38.32
7249,1374,JPY,7400
7250,1375,EUR,45.65
7251,1375,USD,49.74
7252,1375,CAD,67.32
7253,1375,AUD,74.95
7254,1375,GBP,38.49
7255,1375,JPY,7400
7256,1376,EUR,45.65
7257,1376,USD,49.49
7258,1376,CAD,67.32
7259,1376,AUD,74.65
7260,1376,GBP,38.95
7261,1376,JPY,7400
7262,1377,EUR,45.65
7263,1377,USD,49.65
7264,1377,CAD,67.89
7265,1377,AUD,74.84
7266,1377,GBP,38.95
7267,1377,JPY,7400
7268,1378,EUR,45.65
7269,1378,USD,49.74
7270,1378,CAD,67.49
7271,1378,AUD,74.99
7272,1378,GBP,38.95
7273,1378,JPY,7400
7274,1379,EUR,45.65
7275,1379,USD,49.32
7276,1379,CAD,67.95
7277,1379,AUD,74.95
7278,1379,GBP,38.99
7279,1379,JPY,7400
7280,1380,EUR,45.65
7281,1380,USD,49.74
7282,1380,CAD,67.89
7283,1380,AUD,74.65
7284,1380,GBP,38.32
7285,1380,JPY,7400
7286,1381,EUR,45.65
7287,1381,USD,49.95
7288,1381,CAD,67.99
7289,1381,AUD,74.65
7290,1381,GBP,38.32
7291,1381,JPY,7400
7292,1382,EUR,45.65
7293,1382,USD,49.65
7294,1382,CAD,67.89
7295,1382,AUD,74.89
7296,1382,GBP,38.32
7297,1382,JPY,7400
7298,1383,EUR,45.65
7299,1383,USD,49.74
7300,1383,CAD,67.99
7301,1383,AUD,74.65
7302,1383,GBP,38.84
7303,1383,JPY,7400
7304,1384,EUR,45.65
7305,1384,USD,49.49
7306,1384,CAD,67.95
7307,1384,AUD,74.32
7308,1384,GBP,38.32
7309,1384,JPY,7400
7310,1385,EUR,45.65
7311,1385,USD,49.49
7312,1385,CAD,67.89
7313,1385,AUD,74.99
7314,1385,GBP,38.99
7315,1385,JPY,7400
7316,1386,EUR,45.65
7317,1386,USD,49.49
7318,1386,CAD,67.99
7319,1386,AUD,74.84
7320,1386,GBP,38.95
7321,1386,JPY,7400
7322,1387,EUR,45.65
7323,1387,USD,49.65
7324,1387,CAD,67.95
7325,1387,AUD,74.49
7326,1387,GBP,38.49
7327,1387,JPY,7400
7328,1388,EUR,45.65
7329,1388,USD,49.89
7330,1388,CAD,67.99
7331,1388,AUD,74.49
7332,1388,GBP,38.95
7333,1388,JPY,7400
7334,1389,EUR,45.65
7335,1389,USD,49.84
7336,1389,CAD,67.99
7337,1389,AUD,74.49
7338,1389,GBP,38.89
7339,1389,JPY,7400
7340,1390,EUR,45.65
7341,1390,USD,49.99
7342,1390,CAD,67.49
7343,1390,AUD,74.99
7344,1390,GBP,38.49
7345,1390,JPY,7400
7346,1391,EUR,45.65
7347,1391,USD,49.65
7348,1391,CAD,67.89
7349,1391,AUD,74.95
7350,1391,GBP,38.89
7351,1391,JPY,7400
7352,1392,EUR,45.65
7353,1392,USD,49.32
7354,1392,CAD,67.32
7355,1392,AUD,74.32
7356,1392,GBP,38.95
7357,1392,JPY,7400
7358,1393,EUR,45.65
7359,1393,USD,49.65
7360,1393,CAD,67.99
7361,1393,AUD,74.74
7362,1393,GBP,38.89
7363,1393,JPY,7400
7364,1394,EUR,45.65
7365,1394,USD,49.95
7366,1394,CAD,67.95
7367,1394,AUD,74.89
7368,1394,GBP,38.65
7369,1394,JPY,7400
7370,1395,EUR,45.65
7371,1395,USD,49.49
7372,1395,CAD,67.95
7373,1395,AUD,74.95
7374,1395,GBP,38.89
7375,1395,JPY,7400
7376,1396,EUR,45.65
7377,1396,USD,49.89
7378,1396,CAD,67.84
7379,1396,AUD,74.32
7380,1396,GBP,38.84
7381,1396,JPY,7400
7382,1397,EUR,45.65
7383,1397,USD,49.99
7384,1397,CAD,67.89
7385,1397,AUD,74.49
7386,1397,GBP,38.89
7387,1397,JPY,7400
7388,1398,EUR,45.65
7389,1398,USD,49.95
7390,1398,CAD,67.95
7391,1398,AUD,74.84
7392,1398,GBP,38.32
7393,1398,JPY,7400
7394,1399,EUR,45.65
7395,1399,USD,49.32
7396,1399,CAD,67.49
7397,1399,AUD,74.65
7398,1399,GBP,38.89
7399,1399,JPY,7400
7400,1400,EUR,45.65
7401,1400,USD,49.74
7402,1400,CAD,67.95
7403,1400,AUD,74.95
7404,1400,GBP,38.89
7405,1400,JPY,7400
7406,1401,EUR,45.65
7407,1401,USD,49.49
7408,1401,CAD,67.89
7409,1401,AUD,74.89
7410,1401,GBP,38.49
7411,1401,JPY,7400
7412,1402,EUR,45.65
7413,1402,USD,49.65
7414,1402,CAD,67.49
7415,1402,AUD,74.84
7416,1402,GBP,38.99
7417,1402,JPY,7400
7418,1403,EUR,45.65
7419,1403,USD,49.95
7420,1403,CAD,67.49
7421,1403,AUD,74.84
7422,1403,GBP,38.99
7423,1403,JPY,7400
7424,1404,EUR,19.84
7425,1404,USD,21.95
7426,1404,CAD,29.99
7427,1404,AUD,32.99
7428,1404,GBP,16.89
7429,1404,JPY,3200
7430,1405,EUR,19.84
7431,1405,USD,21.49
7432,1405,CAD,29.89
7433,1405,AUD,32.74
7434,1405,GBP,16.99
7435,1405,JPY,3200
7436,1406,EUR,19.84
7437,1406,USD,21.99
7438,1406,CAD,29.89
7439,1406,AUD,32.84
7440,1406,GBP,16.95
7441,1406,JPY,3200
7442,1407,EUR,20.99
7443,1407,USD,22.84
7444,1407,CAD,30.84
7445,1407,AUD,34.89
7446,1407,GBP,17.95
7447,1407,JPY,3400
7448,1408,EUR,20.99
7449,1408,USD,22.32
7450,1408,CAD,30.49
7451,1408,AUD,34.32
7452,1408,GBP,17.65
7453,1408,JPY,3400
7454,1409,EUR,20.99
7455,1409,USD,22.84
7456,1409,CAD,30.84
7457,1409,AUD,34.65
7458,1409,GBP,17.89
7459,1409,JPY,3400
7460,1410,EUR,21.99
7461,1410,USD,23.65
7462,1410,CAD,32.32
7463,1410,AUD,35.49
7464,1410,GBP,18.65
7465,1410,JPY,3550
7466,1411,EUR,19.99
7467,1411,USD,21.65
7468,1411,CAD,29.84
7469,1411,AUD,32.99
7470,1411,GBP,16.32
7471,1411,JPY,3250
7472,1412,EUR,19.99
7473,1412,USD,21.32
7474,1412,CAD,29.65
7475,1412,AUD,32.74
7476,1412,GBP,16.74
7477,1412,JPY,3250
7478,1413,EUR,21.95
7479,1413,USD,23.74
7480,1413,CAD,32.89
7481,1413,AUD,35.74
7482,1413,GBP,18.32
7483,1413,JPY,3550
7484,1414,EUR,21.95
7485,1414,USD,23.89
7486,1414,CAD,32.84
7487,1414,AUD,35.95
7488,1414,GBP,18.99
7489,1414,JPY,3550
7490,1415,EUR,21.65
7491,1415,USD,23.84
7492,1415,CAD,31.84
7493,1415,AUD,35.84
7494,1415,GBP,18.49
7495,1415,JPY,3500
7496,1416,EUR,44.99
7497,1416,USD,49.99
7498,1416,CAD,66.49
7499,1416,AUD,73.84
7500,1416,GBP,37.89
7501,1416,JPY,7300
7502,1417,EUR,56.44
7503,1417,USD,61.32
7504,1417,CAD,82.89
7505,1417,AUD,91.89
7506,1417,GBP,47.95
7507,1417,JPY,9150
7508,1418,EUR,68.89
7509,1418,USD,75.74
7510,1418,CAD,101.49
7511,1418,AUD,112.95
7512,1418,GBP,57.84
7513,1418,JPY,11150
7514,1419,EUR,45.65
7515,1419,USD,49.49
7516,1419,CAD,67.32
7517,1419,AUD,74.65
7518,1419,GBP,38.99
7519,1419,JPY,7400
7520,1420,EUR,57.1
7521,1420,USD,62.49
7522,1420,CAD,83.84
7523,1420,AUD,93.49
7524,1420,GBP,47.89
7525,1420,JPY,9250
7526,1421,EUR,69.55
7527,1421,USD,75.89
7528,1421,CAD,102.32
7529,1421,AUD,113.65
7530,1421,GBP,58.74
7531,1421,JPY,11250
7532,1422,EUR,45.89
7533,1422,USD,50.99
7534,1422,CAD,67.49
7535,1422,AUD,74.84
7536,1422,GBP,38.95
7537,1422,JPY,7450
7538,1423,EUR,57.34
7539,1423,USD,62.74
7540,1423,CAD,84.49
7541,1423,AUD,93.99
7542,1423,GBP,48.32
7543,1423,JPY,9300
7544,1424,EUR,69.79
7545,1424,USD,76.84
7546,1424,CAD,102.32
7547,1424,AUD,113.74
7548,1424,GBP,58.95
7549,1424,JPY,11300
7550,1425,EUR,46.99
7551,1425,USD,51.32
7552,1425,CAD,69.32
7553,1425,AUD,76.49
7554,1425,GBP,39.65
7555,1425,JPY,7600
7556,1426,EUR,58.44
7557,1426,USD,63.49
7558,1426,CAD,85.65
7559,1426,AUD,95.84
7560,1426,GBP,49.49
7561,1426,JPY,9450
7562,1427,EUR,70.89
7563,1427,USD,77.74
7564,1427,CAD,104.99
7565,1427,AUD,115.89
7566,1427,GBP,59.95
7567,1427,JPY,11500
7568,1428,EUR,44.95
7569,1428,USD,48.99
7570,1428,CAD,66.99
7571,1428,AUD,73.74
7572,1428,GBP,37.89
7573,1428,JPY,7300
7574,1429,EUR,56.4
7575,1429,USD,61.74
7576,1429,CAD,82.89
7577,1429,AUD,91.49
7578,1429,GBP,47.95
7579,1429,JPY,9150
7580,1430,EUR,68.85
7581,1430,USD,75.99
7582,1430,CAD,101.99
7583,1430,AUD,112.49
7584,1430,GBP,57.84
7585,1430,JPY,11150
7586,1431,EUR,20.49
7587,1431,USD,22.84
7588,1431,CAD,30.49
7589,1431,AUD,33.32
7590,1431,GBP,17.95
7591,1431,JPY,3300
7592,1432,EUR,19.32
7593,1432,USD,21.99
7594,1432,CAD,28.89
7595,1432,AUD,31.89
7596,1432,GBP,16.32
7597,1432,JPY,3150
7598,1433,EUR,19.65
7599,1433,USD,21.65
7600,1433,CAD,28.95
7601,1433,AUD,32.32
7602,1433,GBP,16.99
7603,1433,JPY,3200
7604,1434,EUR,20.32
7605,1434,USD,22.95
7606,1434,CAD,29.84
7607,1434,AUD,33.65
7608,1434,GBP,17.65
7609,1434,JPY,3300
7610,1435,EUR,15.89
7611,1435,USD,17.65
7612,1435,CAD,23.65
7613,1435,AUD,25.99
7614,1435,GBP,13.49
7615,1435,JPY,2550
7616,1436,EUR,19.34
7617,1436,USD,21.95
7618,1436,CAD,28.49
7619,1436,AUD,31.89
7620,1436,GBP,16.99
7621,1436,JPY,3150
7622,1437,EUR,14.49
7623,1437,USD,15.74
7624,1437,CAD,21.99
7625,1437,AUD,23.84
7626,1437,GBP,12.84
7627,1437,JPY,2350
7628,1438,EUR,17.94
7629,1438,USD,19.74
7630,1438,CAD,26.65
7631,1438,AUD,29.99
7632,1438,GBP,15.49
7633,1438,JPY,2900
7634,1439,EUR,16.95
7635,1439,USD,18.49
7636,1439,CAD,24.32
7637,1439,AUD,27.99
7638,1439,GBP,14.32
7639,1439,JPY,2750
7640,1440,EUR,20.4
7641,1440,USD,22.65
7642,1440,CAD,29.99
7643,1440,AUD,33.49
7644,1440,GBP,17.65
7645,1440,JPY,3300
7646,1441,EUR,14.84
7647,1441,USD,16.32
7648,1441,CAD,21.49
7649,1441,AUD,24.65
7650,1441,GBP,12.84
7651,1441,JPY,2400
7652,1442,EUR,15.99
7653,1442,USD,17.95
7654,1442,CAD,23.65
7655,1442,AUD,26.95
7656,1442,GBP,13.49
7657,1442,JPY,2600
7658,1443,EUR,16.89
7659,1443,USD,18.99
7660,1443,CAD,24.49
7661,1443,AUD,27.84
7662,1443,GBP,14.49
7663,1443,JPY,2750
7664,1444,EUR,14.89
7665,1444,USD,16.32
7666,1444,CAD,21.84
7667,1444,AUD,24.74
7668,1444,GBP,12.49
7669,1444,JPY,2400
7670,1445,EUR,14.84
7671,1445,USD,16.95
7672,1445,CAD,21.89
7673,1445,AUD,24.65
7674,1445,GBP,12.99
7675,1445,JPY,2400
7676,1446,EUR,16.65
7677,1446,USD,18.65
7678,1446,CAD,24.32
7679,1446,AUD,27.32
7680,1446,GBP,13.32
7681,1446,JPY,2700
7682,1447,EUR,16.95
7683,1447,USD,18.89
7684,1447,CAD,24.49
7685,1447,AUD,27.49
7686,1447,GBP,14.49
7687,1447,JPY,2750
7688,1448,EUR,16.84
7689,1448,USD,18.99
7690,1448,CAD,24.32
7691,1448,AUD,27.65
7692,1448,GBP,14.89
7693,1448,JPY,2750
7694,1449,EUR,15.95
7695,1449,USD,17.65
7696,1449,CAD,23.65
7697,1449,AUD,25.99
7698,1449,GBP,13.74
7699,1449,JPY,2600
7700,1450,EUR,15.95
7701,1450,USD,17.99
7702,1450,CAD,23.95
7703,1450,AUD,25.95
7704,1450,GBP,13.49
7705,1450,JPY,2600
7706,1451,EUR,14.84
7707,1451,USD,16.65
7708,1451,CAD,21.99
7709,1451,AUD,24.65
7710,1451,GBP,12.49
7711,1451,JPY,2400
7712,1452,EUR,5.65
7713,1452,USD,6.49
7714,1452,CAD,8.84
7715,1452,AUD,9.49
7716,1452,GBP,4.95
7717,1452,JPY,900
7718,1453,EUR,5.95
7719,1453,USD,6.65
7720,1453,CAD,8.95
7721,1453,AUD,9.95
7722,1453,GBP,4.84
7723,1453,JPY,950
7724,1454,EUR,5.49
7725,1454,USD,6.89
7726,1454,CAD,8.49
7727,1454,AUD,8.89
7728,1454,GBP,4.65
7729,1454,JPY,900
7730,1455,EUR,5.49
7731,1455,USD,6.84
7732,1455,CAD,8.49
7733,1455,AUD,8.95
7734,1455,GBP,4.89
7735,1455,JPY,900
7736,1456,EUR,5.49
7737,1456,USD,6.32
7738,1456,CAD,8.49
7739,1456,AUD,8.99
7740,1456,GBP,4.95
7741,1456,JPY,900
7742,1457,EUR,5.65
7743,1457,USD,6.95
7744,1457,CAD,8.99
7745,1457,AUD,9.99
7746,1457,GBP,4.84
7747,1457,JPY,900
7748,1458,EUR,5.65
7749,1458,USD,6.65
7750,1458,CAD,8.99
7751,1458,AUD,9.95
7752,1458,GBP,4.99
7753,1458,JPY,900
7754,1459,EUR,3.95
7755,1459,USD,4.84
7756,1459,CAD,5.95
7757,1459,AUD,6.65
7758,1459,GBP,3.49
7759,1459,JPY,650
7760,1460,EUR,3.49
7761,1460,USD,3.99
7762,1460,CAD,5.99
7763,1460,AUD,5.99
7764,1460,GBP,2.95
7765,1460,JPY,550
7766,1461,EUR,3.95
7767,1461,USD,4.74
7768,1461,CAD,5.99
7769,1461,AUD,6.89
7770,1461,GBP,3.32
7771,1461,JPY,650
7772,1462,EUR,3.95
7773,1462,USD,4.95
7774,1462,CAD,5.49
7775,1462,AUD,6.74
7776,1462,GBP,3.89
7777,1462,JPY,650
7778,1463,EUR,3.95
7779,1463,USD,4.89
7780,1463,CAD,5.74
7781,1463,AUD,6.49
7782,1463,GBP,3.65
7783,1463,JPY,650
7784,1464,EUR,3.49
7785,1464,USD,3.99
7786,1464,CAD,5.99
7787,1464,AUD,5.84
7788,1464,GBP,2.95
7789,1464,JPY,550
7790,1465,EUR,5.74
7791,1465,USD,6.49
7792,1465,CAD,8.84
7793,1465,AUD,9.49
7794,1465,GBP,4.89
7795,1465,JPY,950
7796,1466,EUR,7.49
7797,1466,USD,8.65
7798,1466,CAD,11.49
7799,1466,AUD,12.74
7800,1466,GBP,6.95
7801,1466,JPY,1200
7802,1467,EUR,3.49
7803,1467,USD,3.89
7804,1467,CAD,5.99
7805,1467,AUD,5.84
7806,1467,GBP,2.49
7807,1467,JPY,550
7808,1468,EUR,3.49
7809,1468,USD,3.95
7810,1468,CAD,5.99
7811,1468,AUD,5.95
7812,1468,GBP,2.89
7813,1468,JPY,550
7814,1469,EUR,5.74
7815,1469,USD,6.32
7816,1469,CAD,8.95
7817,1469,AUD,9.84
7818,1469,GBP,4.32
7819,1469,JPY,950
7820,1470,EUR,7.49
7821,1470,USD,8.95
7822,1470,CAD,11.49
7823,1470,AUD,12.99
7824,1470,GBP,6.84
7825,1470,JPY,1200
7826,1471,EUR,3.89
7827,1471,USD,4.84
7828,1471,CAD,5.65
7829,1471,AUD,6.89
7830,1471,GBP,3.95
7831,1471,JPY,650
7832,1472,EUR,21.32
7833,1472,USD,23.65
7834,1472,CAD,31.89
7835,1472,AUD,34.65
7836,1472,GBP,17.65
7837,1472,JPY,3450
7838,1473,EUR,19.84
7839,1473,USD,21.99
7840,1473,CAD,29.89
7841,1473,AUD,32.65
7842,1473,GBP,16.89
7843,1473,JPY,3200
7844,1474,EUR,22.49
7845,1474,USD,24.95
7846,1474,CAD,33.84
7847,1474,AUD,36.65
7848,1474,GBP,18.65
7849,1474,JPY,3650
7850,1475,EUR,33.44
7851,1475,USD,36.95
7852,1475,CAD,49.65
7853,1475,AUD,54.95
7854,1475,GBP,28.74
7855,1475,JPY,5400
7856,1476,EUR,48.34
7857,1476,USD,52.65
7858,1476,CAD,71.32
7859,1476,AUD,78.89
7860,1476,GBP,40.95
7861,1476,JPY,7850
7862,1477,EUR,20.95
7863,1477,USD,22.84
7864,1477,CAD,30.49
7865,1477,AUD,34.65
7866,1477,GBP,17.65
7867,1477,JPY,3400
7868,1478,EUR,31.9
7869,1478,USD,34.32
7870,1478,CAD,46.49
7871,1478,AUD,51.89
7872,1478,GBP,26.65
7873,1478,JPY,5150
7874,1479,EUR,46.8
7875,1479,USD,51.65
7876,1479,CAD,68.99
7877,1479,AUD,76.84
7878,1479,GBP,39.65
7879,1479,JPY,7600
7880,1480,EUR,21.49
7881,1480,USD,23.95
7882,1480,CAD,31.65
7883,1480,AUD,35.32
7884,1480,GBP,18.99
7885,1480,JPY,3500
7886,1481,EUR,20.99
7887,1481,USD,22.99
7888,1481,CAD,30.84
7889,1481,AUD,34.89
7890,1481,GBP,17.65
7891,1481,JPY,3400